CALI,DENC,DENS,DTC,DTS,GR,NEUT,PEF,RDEP,RMIC,RSHAL,closest_depth,true depth,"SAMPLE
NUMBER","PERMEABILITY (HORIZONTAL)
Kair
md"," PERMEABILITY(VERTICAL)
Kair
md","POROSITY
(HELIUM)",Longitude,Latitude
12.1055,-0.0036,2.1743,106.5399,212.4273,50.932,0.4064,2.7395,1.6594,1.6609,1.2277,2214.82,2214.8824,2,2040,,30.6,-4.3999889,60.323475
12.1063,-0.0042,2.1866,107.2456,207.6222,52.5742,0.4056,2.8607,1.4837,1.534,1.1184,2215,2215.0348,3,2322,1940,30.3,-4.3999889,60.323475
12.1128,-0.0037,2.2201,107.0556,207.7252,59.1365,0.422,3.081,1.268,1.3092,0.9641,2215.25,2215.1872,4,2569,,31.2,-4.3999889,60.323475
12.1181,-0.0024,2.2462,106.8555,207.5873,64.6011,0.4368,3.031,1.2565,0.9335,0.962,2215.25,2215.3396,4,2569,,31.2,-4.3999889,60.323475
12.1151,-0.0027,2.2446,106.1222,207.1069,65.9673,0.4262,3.0205,1.206,0.6942,0.9245,2215.25,2215.492,4,2569,,31.2,-4.3999889,60.323475
12.1181,-0.0029,2.2324,105.5991,209.7179,61.3703,0.414,2.8979,1.1564,0.8797,0.8822,2216,2215.6444,7,876,372,31.3,-4.3999889,60.323475
12.1176,-0.0035,2.2191,104.8727,206.5676,57.3225,0.4068,2.9021,1.2873,1.1712,0.9686,2216,2215.7968,7,876,372,31.3,-4.3999889,60.323475
12.1166,0.0013,2.2245,104.7522,208.406,57.061,0.4056,2.9548,1.3276,0.988,0.9974,2216,2215.9492,7,876,372,31.3,-4.3999889,60.323475
12.1181,0.0023,2.2216,105.2884,207.38,57.4231,0.4025,2.8693,1.2881,1.0175,0.9603,2216,2216.1016,7,876,372,31.3,-4.3999889,60.323475
12.1147,0.0016,2.2165,106.5399,206.536,57.7267,0.4134,2.8199,1.2678,0.8023,0.9405,2216.25,2216.254,8,1513,,32.7,-4.3999889,60.323475
12.1166,-0.0004,2.2088,107.1237,206.0012,54.8438,0.4016,2.6665,1.1984,0.6981,0.8949,2216.5,2216.4064,9,550,,31.3,-4.3999889,60.323475
12.1181,-0.0021,2.2046,107.6508,205.8633,52.0609,0.4101,2.6567,1.049,0.7134,0.7785,2216.5,2216.5588,9,550,,31.3,-4.3999889,60.323475
12.1156,-0.006,2.1971,107.2653,205.6011,48.2595,0.3957,2.62,1.0284,0.6608,0.7639,2216.5,2216.7112,9,550,,31.3,-4.3999889,60.323475
12.1166,-0.0076,2.188,107.1369,205.2634,45.9898,0.4038,2.6427,1.0249,0.6257,0.7567,2217,2216.8636,11,1557,1007,30.9,-4.3999889,60.323475
12.1166,-0.0093,2.1751,107.004,204.9238,46.8746,0.3881,2.693,0.9935,0.663,0.7336,2217,2217.016,11,1557,1007,30.9,-4.3999889,60.323475
12.1191,-0.0105,2.1692,107.0124,203.9382,47.9437,0.4124,2.7012,0.9889,0.6816,0.7236,2217.25,2217.1684,12,1387,,31.3,-4.3999889,60.323475
12.1127,-0.0103,2.1651,107.7296,203.4619,49.9328,0.4217,2.6906,1.008,0.6357,0.7252,2217.25,2217.3208,12,1387,,31.3,-4.3999889,60.323475
12.1166,-0.0102,2.1658,108.1922,202.561,50.2642,0.4245,2.6466,1.0193,0.6191,0.7338,2217.47,2217.4732,13,1558,,32,-4.3999889,60.323475
12.1191,-0.0121,2.1608,108.1946,202.6627,50.9725,0.4094,2.6198,1.0249,0.6619,0.7294,2217.47,2217.6256,13,1558,,32,-4.3999889,60.323475
12.1156,-0.0117,2.1592,107.9358,202.5318,51.6307,0.4161,2.6621,1.0295,0.6506,0.7342,2217.82,2217.778,14,754,,31.4,-4.3999889,60.323475
12.1147,-0.0095,2.162,107.8039,202.4632,47.5697,0.4024,2.7406,1.021,0.6556,0.732,2218.02,2217.9304,15,1187,1266,32.8,-4.3999889,60.323475
12.1191,-0.007,2.1695,107.8,202.2079,47.1073,0.3958,2.8293,1.0067,0.6315,0.7198,2218.02,2218.0828,15,1187,1266,32.8,-4.3999889,60.323475
12.1166,-0.0052,2.1724,107.7353,202.7616,44.6899,0.3795,2.8389,1.0033,0.6199,0.7171,2218.25,2218.2352,16,1330,,32,-4.3999889,60.323475
12.117,-0.0037,2.1688,107.932,206.0385,46.889,0.3839,2.8311,1.0031,0.5797,0.7176,2218.48,2218.3876,17,1986,,32.7,-4.3999889,60.323475
12.114,-0.0024,2.1655,108.3305,207.4448,45.5919,0.3959,2.7742,1.006,0.6167,0.7051,2218.48,2218.54,17,1986,,32.7,-4.3999889,60.323475
12.1187,-0.001,2.17,108.4673,208.1268,45.7225,0.3984,2.7806,0.9977,0.6526,0.7141,2218.75,2218.6924,18,1585,,32.5,-4.3999889,60.323475
12.1151,-0.0024,2.175,108.8547,208.53,44.192,0.4016,2.7356,0.9912,0.631,0.6999,2218.75,2218.8448,18,1585,,32.5,-4.3999889,60.323475
12.1181,-0.0031,2.1791,108.4707,208.8569,45.5264,0.4018,2.7232,0.9837,0.6469,0.6957,2219,2218.9972,19,1781,2464,32.5,-4.3999889,60.323475
12.1181,-0.0036,2.1807,108.2686,208.665,46.4286,0.3904,2.6977,0.9756,0.6418,0.6865,2219.25,2219.1496,20,1815,,32,-4.3999889,60.323475
12.1176,-0.0057,2.1781,108.2019,208.0773,45.9917,0.3956,2.6327,0.9639,0.6487,0.6675,2219.25,2219.302,20,1815,,32,-4.3999889,60.323475
12.1166,-0.0064,2.173,108.2,207.9983,44.1226,0.3776,2.6117,0.9444,0.6449,0.6597,2219.47,2219.4544,21,1558,,32.2,-4.3999889,60.323475
12.114,-0.0033,2.1742,108.2,207.3401,44.6637,0.3765,2.6013,0.8423,0.6491,0.5988,2219.47,2219.6068,21,1558,,32.2,-4.3999889,60.323475
12.1187,-0.002,2.1736,108.0707,206.9482,47.1688,0.365,2.6576,0.8048,0.6582,0.5816,2219.82,2219.7592,22,1962,,31.8,-4.3999889,60.323475
12.1158,-0.0004,2.1801,108.0667,207.4595,50.12,0.3637,2.7122,0.8216,0.6346,0.5978,2220,2219.9116,23,2008,2365,33.4,-4.3999889,60.323475
12.1181,-0.0016,2.1783,108.0667,207.6692,49.4314,0.3769,2.7873,0.8895,0.6395,0.6403,2220,2220.064,23,2008,2365,33.4,-4.3999889,60.323475
12.1176,-0.003,2.1743,108.1339,209.0478,49.4348,0.3775,2.8764,1.0302,0.7908,0.7361,2220.25,2220.2164,24,1672,,32.9,-4.3999889,60.323475
12.113,-0.0064,2.1634,108.2005,210.7482,49.6887,0.3813,2.9056,1.2133,0.9195,0.8593,2220.48,2220.3688,25,2207,,32.6,-4.3999889,60.323475
12.1187,-0.006,2.1577,108.2648,209.0568,52.4354,0.3792,2.973,1.2271,0.9083,0.8794,2220.48,2220.5212,25,2207,,32.6,-4.3999889,60.323475
12.1151,-0.0052,2.1604,108.004,213.0081,54.452,0.3785,2.8965,1.1787,0.7215,0.8574,2220.75,2220.6736,26,2622,,33,-4.3999889,60.323475
12.1176,-0.0036,2.1615,107.8743,208.0976,54.3002,0.3754,2.8806,1.1195,0.7009,0.8413,2220.75,2220.826,26,2622,,33,-4.3999889,60.323475
12.1202,-0.0025,2.1655,108.7803,203.9715,51.8486,0.3792,2.7764,1.1109,0.681,0.8305,2221,2220.9784,27,160,97,31.8,-4.3999889,60.323475
12.1277,-0.001,2.1667,109.1897,203.0347,48.7729,0.3886,2.8025,1.1042,0.6845,0.8369,2221.25,2221.1308,28,1540,,33.5,-4.3999889,60.323475
12.122,-0.0035,2.1682,109.2634,205.9292,47.3492,0.3965,2.7825,1.0979,0.7328,0.8406,2221.25,2221.2832,28,1540,,33.5,-4.3999889,60.323475
12.1277,-0.0034,2.177,108.4228,208.2632,45.9893,0.3756,2.8282,1.095,0.6901,0.8536,2221.5,2221.4356,29,1240,,32.9,-4.3999889,60.323475
12.1225,-0.0035,2.1834,108.2706,207.9348,46.6484,0.3765,2.835,1.089,0.6978,0.8454,2221.5,2221.588,29,1240,,32.9,-4.3999889,60.323475
12.1238,-0.0043,2.1924,108.1358,203.5183,45.1172,0.3626,2.8333,1.0926,0.7023,0.8518,2221.75,2221.7404,30,1718,,32.1,-4.3999889,60.323475
12.1213,-0.0054,2.1966,107.4192,198.9388,46.5755,0.3733,2.8093,1.0924,0.6967,0.8609,2222,2221.8928,31,1991,1774,30.9,-4.3999889,60.323475
12.1202,-0.0047,2.1999,106.107,199.1241,46.3852,0.3565,2.8311,1.0795,0.6991,0.8499,2222,2222.0452,31,1991,1774,30.9,-4.3999889,60.323475
12.1183,-0.006,2.1974,106.2604,199.6506,47.721,0.3711,2.8634,1.0154,0.7036,0.8146,2222.19,2222.1976,32,1230,,30.3,-4.3999889,60.323475
12.1277,-0.0054,2.1948,105.297,198.3737,46.6389,0.3573,2.8482,0.9168,0.6892,0.7439,2222.19,2222.35,32,1230,,30.3,-4.3999889,60.323475
12.1417,-0.0057,2.1922,105.7187,198.7208,48.0928,0.3642,2.839,0.8587,0.627,0.7119,2222.52,2222.5024,33,1591,,30.9,-4.3999889,60.323475
12.15,-0.0052,2.1904,105.411,199.7015,48.2691,0.3671,2.8779,0.8006,0.6449,0.6651,2222.75,2222.6548,34,1871,,31.2,-4.3999889,60.323475
12.159,-0.0048,2.1834,105.3349,198.4404,49.3604,0.3666,2.9336,0.9153,0.6439,0.7563,2222.75,2222.8072,34,1871,,31.2,-4.3999889,60.323475
12.1596,-0.0053,2.1813,105.5265,202.1955,48.785,0.3698,2.9762,1.2172,0.6776,0.9998,2223,2222.9596,35,1122,1460,30.8,-4.3999889,60.323475
12.1555,-0.0081,2.1749,105.7264,204.911,48.5026,0.3479,3.0222,1.376,1.0142,1.1316,2223,2223.112,35,1122,1460,30.8,-4.3999889,60.323475
12.158,-0.0061,2.1849,105.9272,203.5262,48.8568,0.3747,3.1309,1.986,2.6512,1.6136,2223.25,2223.2644,36,1874,,31.8,-4.3999889,60.323475
12.1574,-0.0049,2.2045,105.4844,204.4247,51.9131,0.3754,3.3286,2.457,1.8871,2.044,2223.25,2223.4168,36,1874,,31.8,-4.3999889,60.323475
12.2614,0.0031,2.252,105.4021,206.3918,62.7833,0.4156,3.548,2.3479,2.6699,1.997,2223.25,2223.5692,36,1874,,31.8,-4.3999889,60.323475
12.4894,0.0071,2.2915,106.2956,206.6602,72.9421,0.4231,3.7269,2.2071,2.1026,1.9298,2223.25,2223.7216,36,1874,,31.8,-4.3999889,60.323475
12.2185,0.0437,2.2955,119.0917,254.9172,86.5315,0.4371,3.6743,1.149,1.2566,1.1455,2228.25,2227.8364,56,321,,29.7,-4.3999889,60.323475
12.1925,0.043,2.3423,118.7557,251.5931,82.5169,0.4197,3.4397,1.0129,0.7882,1.0143,2228.25,2227.9888,56,321,,29.7,-4.3999889,60.323475
12.0968,0.0122,2.302,116.7331,245.3707,78.5629,0.3989,3.0461,1.0042,0.9705,1.0068,2228.25,2228.1412,56,321,,29.7,-4.3999889,60.323475
12.0747,0.0002,2.2545,113.8051,243.4539,73.3202,0.4019,2.7924,0.9982,0.8139,1.0081,2228.25,2228.2936,56,321,,29.7,-4.3999889,60.323475
12.0725,-0.0014,2.2125,106.4277,213.433,66.2374,0.3986,2.6839,0.9297,0.7256,0.9498,2228.52,2228.446,57,228,,28.9,-4.3999889,60.323475
12.0779,0.0005,2.1967,105.9103,209.5486,59.1244,0.3997,2.7263,0.8785,0.783,0.8996,2228.52,2228.5984,57,228,,28.9,-4.3999889,60.323475
12.0732,0.0007,2.1887,106.5788,210.5664,58.0423,0.3847,2.7061,0.8885,0.7226,0.9098,2228.75,2228.7508,58,1571,,32,-4.3999889,60.323475
12.0755,-0.0018,2.1818,105.5656,213.4656,58.7325,0.3649,2.7922,1.0724,0.7754,1.0803,2229,2228.9032,59,402,1086,32.9,-4.3999889,60.323475
12.0709,-0.0025,2.1818,107.5402,214.6976,59.0277,0.3778,2.8836,1.3611,1.2165,1.3332,2229,2229.0556,59,402,1086,32.9,-4.3999889,60.323475
12.0771,-0.0044,2.1873,108.7475,212.8586,58.4535,0.3788,3.0761,1.6729,2.3078,1.6349,2229.19,2229.208,50,1993,,32.7,-4.3999889,60.323475
12.1021,-0.0044,2.2102,108.501,221.386,63.3214,0.3943,3.3499,1.7866,2.7277,1.7793,2229.19,2229.3604,50,1993,,32.7,-4.3999889,60.323475
12.1147,-0.0038,2.241,108.9508,227.4198,69.6172,0.3856,3.4562,1.4354,1.2868,1.4663,2229.8,2229.5128,62,70,,27.3,-4.3999889,60.323475
12.1213,-0.0008,2.2547,109.1929,223.5534,72.7983,0.3904,3.2735,1.1537,1.597,1.1646,2229.8,2229.6652,62,70,,27.3,-4.3999889,60.323475
12.0723,0.0006,2.2468,108.959,223.3597,72.1589,0.3793,3.0689,1.3337,0.9094,1.3067,2229.8,2229.8176,62,70,,27.3,-4.3999889,60.323475
12.0752,0.0004,2.2275,108.6197,224.1009,69.1585,0.3762,2.8668,1.7933,0.8176,1.6958,2230,2229.97,63,56,41,26,-4.3999889,60.323475
12.0752,-0.0006,2.2274,108.7204,226.6831,62.915,0.3821,2.9155,2.9508,53.0618,2.6904,2230,2230.1224,63,56,41,26,-4.3999889,60.323475
12.0752,-0.0019,2.2836,108.3733,223.5792,56.1764,0.3381,2.9712,12.28,115.2123,10.3553,2230.25,2230.2748,64,1797,,32.6,-4.3999889,60.323475
12.0763,0.0003,2.3911,108.0636,211.5189,48.6509,0.2506,3.3322,71.0739,156.8107,64.258,2230.5,2230.4272,65,0.05,,6.1,-4.3999889,60.323475
12.0752,0.0074,2.5318,103.7978,206.8844,44.3435,0.1575,3.3925,109.4231,131.4453,98.1926,2230.5,2230.5796,65,0.05,,6.1,-4.3999889,60.323475
12.0766,0.0067,2.6069,101.2092,206.1171,42.7204,0.1139,3.4479,114.3829,110.0932,99.0537,2230.75,2230.732,66,0.05,,8.1,-4.3999889,60.323475
12.0752,0.0031,2.6286,78.635,205.0333,41.1903,0.0974,3.4016,112.1405,42.067,96.0261,2231,2230.8844,67,<.01,<.01,3.5,-4.3999889,60.323475
12.0763,0.0032,2.6369,56.4061,219.0584,43.2874,0.0901,3.5113,105.2856,67.7552,90.5201,2231,2231.0368,67,<.01,<.01,3.5,-4.3999889,60.323475
12.0752,-0.0003,2.6237,56.5737,227.3887,41.9045,0.09,3.4362,102.674,71.8306,88.1105,2231.25,2231.1892,68,<.01,,3.8,-4.3999889,60.323475
12.0723,-0.0035,2.6042,54.8546,239.9484,41.9098,0.0938,3.4211,105.957,120.3082,90.848,2231.25,2231.3416,68,<.01,,3.8,-4.3999889,60.323475
12.0755,-0.0047,2.5981,55.2202,240.3333,39.8868,0.0931,3.3221,103.4824,108.7433,87.2037,2231.5,2231.494,69,<.01,,4.3,-4.3999889,60.323475
12.0763,-0.0048,2.6039,56.6232,235.7048,39.4007,0.0871,3.2908,58.6006,96.6037,48.5582,2231.75,2231.6464,70,<.01,,5.5,-4.3999889,60.323475
12.0755,-0.0037,2.617,55.8263,197.0872,39.5974,0.0905,3.3625,8.5565,95.7354,6.6819,2231.75,2231.7988,70,<.01,,5.5,-4.3999889,60.323475
12.0763,-0.0016,2.6187,56.0041,191.9238,39.6466,0.1,3.5402,2.8129,2.5852,2.3041,2232,2231.9512,71,<.01,0.01,3.4,-4.3999889,60.323475
12.0715,0.0007,2.6054,56.4729,191.8,39.4444,0.1214,3.614,1.5366,0.7898,1.2915,2232,2232.1036,71,<.01,0.01,3.4,-4.3999889,60.323475
12.0766,0.0019,2.5398,57.1531,200.6302,40.3789,0.1605,3.2628,1.1739,0.6513,1.0214,2232.25,2232.256,72,<.01,,5.3,-4.3999889,60.323475
12.0742,-0.0021,2.4364,61.0225,240.4959,44.0187,0.2217,2.8767,1.0582,0.6776,0.928,2232.48,2232.4084,73,2299,,32.4,-4.3999889,60.323475
12.0757,-0.0036,2.3074,115.9535,241.5394,49.8282,0.2893,2.6143,1.122,0.8509,0.9659,2232.48,2232.5608,73,2299,,32.4,-4.3999889,60.323475
12.0752,-0.0027,2.2322,116.2714,241.8751,55.3917,0.3488,2.6408,1.2634,1.0245,1.0877,2232.75,2232.7132,74,1365,,32.2,-4.3999889,60.323475
12.0763,-0.0009,2.1986,114.5764,239.2425,57.2038,0.3826,2.7482,1.3057,0.7868,1.1246,2232.75,2232.8656,74,1365,,32.2,-4.3999889,60.323475
12.0742,-0.0004,2.1988,113.0036,204.2899,55.2364,0.3915,2.7527,1.1934,0.74,1.0295,2233,2233.018,75,1285,385,32.3,-4.3999889,60.323475
12.0736,0.0021,2.1926,108.6028,211.025,52.624,0.3846,2.638,1.1084,0.7488,0.9557,2233,2233.1704,75,1285,385,32.3,-4.3999889,60.323475
12.0752,-0.0019,2.1804,111.3758,219.8548,50.0182,0.3704,2.5473,1.0482,0.6851,0.8972,2233,2233.3228,75,1285,385,32.3,-4.3999889,60.323475
12.0925,-0.0032,2.176,111.0141,221.7492,48.0507,0.3714,2.6455,1.0197,0.6974,0.8679,2233,2233.4752,75,1285,385,32.3,-4.3999889,60.323475
12.279,0.0029,2.3493,101.9169,204.8382,70.2387,0.3534,3.5253,4.1317,11.445,3.825,2418.3,2417.8792,81,<.01,,5.5,-4.3999889,60.323475
12.2953,0.0041,2.4284,100.5051,201.1183,67.7302,0.3314,3.809,3.3464,3.5808,3.2442,2418.3,2418.0316,81,<.01,,5.5,-4.3999889,60.323475
12.3445,0.0067,2.5054,95.8198,194.2548,67.7302,0.3465,3.7253,2.5179,3.6417,2.503,2418.3,2418.184,81,<.01,,5.5,-4.3999889,60.323475
12.4502,0.0006,2.4865,90.6718,182.3301,69.1662,0.3753,3.5329,2.4351,3.7576,2.4295,2418.3,2418.3364,81,<.01,,5.5,-4.3999889,60.323475
12.4864,-0.0059,2.422,88.852,174.6293,72.6479,0.4064,3.5103,2.4324,3.8187,2.4166,2418.5,2418.4888,82,0.98,<.01 ,8.5,-4.3999889,60.323475
12.4861,-0.0052,2.3834,89.4056,175.4778,71.7295,0.4508,3.5406,2.4766,3.5651,2.4868,2418.5,2418.6412,82,0.98,<.01 ,8.5,-4.3999889,60.323475
12.4844,-0.0009,2.3751,91.3283,178.2851,70.7457,0.4717,3.6127,2.5031,3.7424,2.4803,2418.5,2418.7936,82,0.98,<.01 ,8.5,-4.3999889,60.323475
12.4854,0.0016,2.381,95.0593,186.6273,70.789,0.5166,3.6418,2.5097,3.9484,2.4818,2418.5,2418.946,82,0.98,<.01 ,8.5,-4.3999889,60.323475
12.2303,0.0034,2.3489,105.2232,216.2417,80.8249,0.4272,3.4873,2.4176,3.0768,2.1336,2423,2422.6036,100,152,6.5,27.3,-4.3999889,60.323475
12.1947,0.0049,2.3526,105.3922,213.8859,81.9619,0.4107,3.4628,2.3963,2.8831,2.1184,2423,2422.756,100,152,6.5,27.3,-4.3999889,60.323475
12.1997,0.0074,2.3626,105.6574,211.229,82.9703,0.41,3.4294,2.1812,2.1247,1.929,2423,2422.9084,100,152,6.5,27.3,-4.3999889,60.323475
12.1973,0.0078,2.3696,105.6667,209.718,82.4989,0.4094,3.3953,1.8437,2.0344,1.6264,2423,2423.0608,100,152,6.5,27.3,-4.3999889,60.323475
12.1575,0.0059,2.3572,103.9374,208.897,81.3266,0.4308,3.4565,1.7141,2.5228,1.5255,2423,2423.2132,100,152,6.5,27.3,-4.3999889,60.323475
12.1172,0.0037,2.3382,103.1593,207.7778,80.9777,0.4262,3.3414,1.6518,1.2488,1.463,2423,2423.3656,100,152,6.5,27.3,-4.3999889,60.323475
12.118,-0.0015,2.312,103.0688,207.9867,78.4978,0.4321,3.243,1.6001,1.7829,1.418,2423.75,2423.518,103,37,,24.8,-4.3999889,60.323475
12.1122,-0.0024,2.2977,103.3212,207.3634,78.006,0.405,3.1395,1.7842,1.5645,1.5864,2423.75,2423.6704,103,37,,24.8,-4.3999889,60.323475
12.1132,-0.0003,2.2982,103.3332,207.6481,77.049,0.4088,3.2856,1.9742,1.4217,1.7376,2423.75,2423.8228,103,37,,24.8,-4.3999889,60.323475
12.117,0.001,2.3034,103.0795,207.2234,76.0652,0.3926,3.4231,2.1123,2.0316,1.832,2424,2423.9752,104,16,,23.9,-4.3999889,60.323475
12.1132,0.0012,2.3137,103.1936,205.9899,78.7213,0.4151,3.5389,2.0538,2.5264,1.7845,2424,2424.1276,104,16,,23.9,-4.3999889,60.323475
12.1132,0.0036,2.3236,103.3292,205.1045,79.437,0.4147,3.4511,1.8027,1.824,1.5792,2424.5,2424.28,106,105,0.54,25,-4.3999889,60.323475
12.118,-0.0003,2.3164,102.193,205.0641,81.011,0.4234,3.3348,1.5976,1.6664,1.4084,2424.5,2424.4324,106,105,0.54,25,-4.3999889,60.323475
12.116,-0.005,2.2861,101.6847,205.005,77.1744,0.4013,3.0833,1.5949,0.9762,1.402,2424.5,2424.5848,106,105,0.54,25,-4.3999889,60.323475
12.1112,-0.0065,2.2522,101.7928,205.1294,73.0028,0.4005,3.0014,1.6312,1.0183,1.4086,2424.75,2424.7372,107,16,,22.5,-4.3999889,60.323475
12.1142,-0.0058,2.243,102.242,204.5042,73.6204,0.3771,2.9782,1.6779,1.4264,1.4335,2425,2424.8896,108,79,,24.1,-4.3999889,60.323475
12.1172,-0.0047,2.2607,102.3956,204.4026,73.2166,0.3754,3.1607,1.743,2.1521,1.4776,2425,2425.042,108,79,,24.1,-4.3999889,60.323475
12.1162,0,2.29,102.2098,203.5826,78.0164,0.3656,3.172,1.8522,1.4768,1.5786,2425.25,2425.1944,109,512,,29.5,-4.3999889,60.323475
12.1106,-0.0017,2.2925,102.1354,202.3944,78.0382,0.3826,3.1719,1.9613,1.4276,1.6622,2425.25,2425.3468,109,512,,29.5,-4.3999889,60.323475
12.1202,-0.0059,2.2823,102.0687,202.2006,79.475,0.3813,3.1862,2.1638,1.9485,1.8099,2425.5,2425.4992,110,19,0.63,23.6,-4.3999889,60.323475
12.1456,-0.0065,2.2878,101.8815,202.7642,80.6193,0.3917,3.3491,2.525,3.0251,2.0865,2425.75,2425.6516,111,73,,26.1,-4.3999889,60.323475
12.1807,-0.0063,2.3114,101.6776,203.6818,82.0457,0.3793,3.5556,2.7439,3.0562,2.2554,2425.75,2425.804,111,73,,26.1,-4.3999889,60.323475
12.2157,-0.0046,2.3344,101.9159,204.0511,82.8932,0.4122,3.5502,2.7412,2.647,2.2468,2426,2425.9564,112,13,,23.4,-4.3999889,60.323475
12.2369,-0.0042,2.3376,102.3111,203.6934,82.5948,0.4017,3.4054,2.8463,3.2355,2.3217,2426,2426.1088,112,13,,23.4,-4.3999889,60.323475
12.2386,-0.0047,2.3382,102.3381,204.0397,80.9224,0.4086,3.3568,2.9201,2.6204,2.3625,2426,2426.2612,112,13,,23.4,-4.3999889,60.323475
12.2376,-0.0029,2.3513,102.5222,203.7587,81.4522,0.3945,3.59,2.9499,3.3603,2.3732,2426,2426.4136,112,13,,23.4,-4.3999889,60.323475
12.2329,0.0006,2.3565,102.5978,202.7322,79.978,0.4062,3.6732,2.8592,2.4854,2.2918,2427,2426.566,116,5.2,,24,-4.3999889,60.323475
12.2128,0.0012,2.3496,102.5409,202.603,77.6939,0.4162,3.5528,2.4396,2.3485,1.9466,2427,2426.7184,116,5.2,,24,-4.3999889,60.323475
12.2006,0.0014,2.3313,102.2808,201.0478,77.2512,0.4098,3.3123,2.0635,2.1379,1.6741,2427,2426.8708,116,5.2,,24,-4.3999889,60.323475
12.1565,0.0034,2.3161,102.0143,201.5398,77.8794,0.3995,3.1542,1.9328,1.5065,1.5598,2427,2427.0232,116,5.2,,24,-4.3999889,60.323475
12.1168,0.0018,2.2888,101.6893,203.781,78.0977,0.3877,3.0659,1.7019,1.135,1.3787,2427.27,2427.1756,117,99,,26.3,-4.3999889,60.323475
12.1144,-0.0023,2.259,102.2171,205.9359,72.8348,0.3642,2.9413,1.5939,1.3274,1.3139,2427.27,2427.328,117,99,,26.3,-4.3999889,60.323475
12.1142,-0.003,2.2373,102.5823,207.131,65.829,0.3733,2.9011,1.6425,0.971,1.3423,2427.5,2427.4804,118,260,30,28.3,-4.3999889,60.323475
12.1132,-0.0042,2.2246,102.787,207.6515,62.418,0.3609,2.8336,1.6404,0.9673,1.3391,2427.75,2427.6328,119,158,,29.8,-4.3999889,60.323475
12.1145,-0.0052,2.2188,103.2963,206.1773,59.9095,0.3662,2.8535,1.6409,1.1157,1.3485,2427.75,2427.7852,119,158,,29.8,-4.3999889,60.323475
12.1142,-0.0008,2.2232,103.2105,203.8335,60.3143,0.3543,2.8314,1.6747,1.0352,1.3822,2428.02,2427.9376,120,1099,,30.4,-4.3999889,60.323475
12.1142,0.0011,2.2259,102.7048,200.6901,58.4623,0.3718,2.7904,1.7587,0.9602,1.4724,2428.02,2428.09,120,1099,,30.4,-4.3999889,60.323475
12.1164,-0.0015,2.2231,101.9861,198.7125,57.5278,0.3808,2.7104,1.8792,1.0117,1.5277,2428.25,2428.2424,121,235,,28.7,-4.3999889,60.323475
12.114,-0.0008,2.2294,100.8164,193.5865,56.221,0.387,2.6927,2.027,1.114,1.6227,2428.5,2428.3948,122,227,461,28.6,-4.3999889,60.323475
12.1132,0.0015,2.2349,99.9256,194.0595,54.2696,0.3779,2.6905,2.1471,0.973,1.6737,2428.5,2428.5472,122,227,461,28.6,-4.3999889,60.323475
12.1145,-0.0034,2.2327,99.4877,194.6568,52.9416,0.375,2.7243,2.1475,0.9801,1.6586,2428.78,2428.6996,123,263,,29.7,-4.3999889,60.323475
12.1142,-0.0034,2.2312,98.7885,194.5376,51.6136,0.3688,2.7473,2.1005,0.9892,1.5991,2428.78,2428.852,123,263,,29.7,-4.3999889,60.323475
12.1145,-0.0004,2.2402,98.9679,194.1621,52.1385,0.3596,2.7941,2.1795,1.0145,1.6166,2428.78,2429.0044,123,263,,29.7,-4.3999889,60.323475
12.1112,-0.0012,2.2483,98.7016,191.3869,52.0893,0.347,2.8025,2.4702,1.0724,1.7923,2429.32,2429.1568,125,666,,27,-4.3999889,60.323475
12.1164,-0.0034,2.2597,95.6741,183.1701,50.4588,0.3433,2.8564,2.8335,1.3435,2.0415,2429.32,2429.3092,125,666,,27,-4.3999889,60.323475
12.1129,-0.0025,2.2918,96.4534,179.5511,50.2621,0.342,3.0011,3.072,8.5911,2.1933,2429.48,2429.4616,126,601,,27.3,-4.3999889,60.323475
12.1142,0.0018,2.3528,96.3923,177.8114,50.9999,0.3342,3.2154,3.0702,14.1419,2.193,2429.48,2429.614,126,601,,27.3,-4.3999889,60.323475
12.1185,0.0076,2.4399,95.347,176.1274,50.7613,0.3166,3.5334,2.6864,13.1205,1.9366,2429.48,2429.7664,126,601,,27.3,-4.3999889,60.323475
12.1116,0.0127,2.5003,92.04,171.6215,50.6137,0.306,3.3882,2.3015,2.6282,1.6807,2429.48,2429.9188,126,601,,27.3,-4.3999889,60.323475
12.1156,0.0002,2.2392,99.668,188.9313,60.2496,0.3713,2.7932,1.894,0.9014,1.4707,2432.18,2431.7476,135,139,50,27.4,-4.3999889,60.323475
12.1185,-0.0018,2.2366,100.0552,189.0627,59.4959,0.3633,2.7708,1.917,0.9085,1.469,2432.18,2431.9,135,139,50,27.4,-4.3999889,60.323475
12.1142,-0.0022,2.2337,99.6596,188.9829,58.8896,0.3545,2.7594,1.9179,1.1088,1.4837,2432.18,2432.0524,135,139,50,27.4,-4.3999889,60.323475
12.1178,0.001,2.238,99.5273,188.4541,54.6675,0.3556,2.7627,1.9085,1.0391,1.4668,2432.19,2432.2048,127,1306,,2B.3,-4.3999889,60.323475
12.1331,0.0025,2.2508,99.1822,186.7483,51.1436,0.3499,2.7525,1.7927,1.0372,1.3776,2432.41,2432.3572,136,940,,28.2,-4.3999889,60.323475
12.1371,0.0029,2.259,97.5017,184.0755,49.5597,0.3442,2.7357,1.6483,0.989,1.297,2432.45,2432.5096,128,0.17,,11,-4.3999889,60.323475
12.1321,0.0035,2.2636,96.5257,181.0518,51.6489,0.3298,2.7936,1.6354,0.9836,1.2733,2432.66,2432.662,129,350,,28.1,-4.3999889,60.323475
12.1331,0.0023,2.2608,95.3079,174.9867,54.0883,0.3309,2.9104,1.7211,0.946,1.3323,2432.75,2432.8144,137,232,,26.3,-4.3999889,60.323475
12.1341,-0.0005,2.2561,94.668,175.0926,56.3789,0.3209,2.9182,1.8611,1.108,1.4365,2432.93,2432.9668,138,163,120,27,-4.3999889,60.323475
12.1352,-0.0008,2.2537,94.5535,176.152,60.9043,0.3258,3.0214,1.9485,1.546,1.5133,2433.1099999999997,2433.1192,131,1204,,27.6,-4.3999889,60.323475
12.1323,-0.0006,2.2638,95.2128,176.9432,66.1278,0.3436,2.9541,1.8815,1.5337,1.4777,2433.18,2433.2716,139,198,,27.1,-4.3999889,60.323475
12.1342,-0.0003,2.2732,96.283,177.7339,70.3689,0.3631,2.986,1.7228,1.3254,1.3764,2433.41,2433.424,140,251,,26.7,-4.3999889,60.323475
12.1333,-0.0014,2.2778,97.1318,179.8313,74.4362,0.3696,2.8586,1.6693,1.0939,1.343,2433.41,2433.5764,140,251,,26.7,-4.3999889,60.323475
12.1352,-0.0045,2.2639,97.7386,181.7798,73.7759,0.3644,2.7977,1.6206,0.9162,1.3027,2433.75,2433.7288,141,166,,26.3,-4.3999889,60.323475
12.1335,-0.0048,2.2509,97.9428,189.7754,72.127,0.3614,2.8423,1.6485,1.2673,1.329,2433.93,2433.8812,142,24,9.1,25.4,-4.3999889,60.323475
12.1343,-0.0051,2.242,98.6738,194.5194,67.3898,0.3781,2.8831,1.6376,1.152,1.3172,2433.93,2434.0336,142,24,9.1,25.4,-4.3999889,60.323475
12.1392,-0.0058,2.2342,99.931,197.1934,65.0441,0.3699,2.9646,1.6232,0.9541,1.3194,2434.18,2434.186,143,794,,29.6,-4.3999889,60.323475
12.1305,-0.0058,2.2279,100.6661,199.0603,65.2306,0.3649,3.0043,1.7154,1.268,1.377,2434.43,2434.3384,144,346,,28.6,-4.3999889,60.323475
12.1373,-0.0039,2.2179,100.9972,199.728,63.2658,0.3575,2.9617,1.7118,0.9547,1.3874,2434.43,2434.4908,144,346,,28.6,-4.3999889,60.323475
12.1392,-0.0048,2.2135,101.1942,200.7034,62.3958,0.3663,3.0374,1.5998,1.4976,1.3214,2434.68,2434.6432,145,479,,30.1,-4.3999889,60.323475
12.1544,-0.0062,2.2215,101.271,200.1263,61.0081,0.3676,3.0867,1.7207,1.3499,1.4337,2434.68,2434.7956,145,479,,30.1,-4.3999889,60.323475
12.1559,-0.0057,2.2327,101.4023,199.8678,65.6526,0.3855,3.0193,1.8852,0.9207,1.5725,2434.93,2434.948,148,329,172,29.9,-4.3999889,60.323475
12.1559,-0.0058,2.2341,101.5294,199.8018,64.4642,0.3899,3.0484,2.1985,1.757,1.802,2435.18,2435.1004,147,37,,25.5,-4.3999889,60.323475
12.1509,-0.0076,2.243,101.3982,200.1879,65.3255,0.4085,3.045,2.5945,2.7538,2.1044,2435.18,2435.2528,147,37,,25.5,-4.3999889,60.323475
12.1559,-0.0055,2.2791,101.3296,200.0061,66.51,0.3982,3.2724,2.3456,3.095,1.9267,2435.41,2435.4052,148,273,,28.1,-4.3999889,60.323475
12.1559,0.0024,2.3292,101.2739,200.2748,73.2598,0.3984,3.2804,1.8289,1.804,1.5326,2435.41,2435.5576,148,273,,28.1,-4.3999889,60.323475
12.1599,0.0055,2.3428,101.5254,201.0743,75.0781,0.3911,3.1646,1.6165,1.1122,1.3772,2435.41,2435.71,148,273,,28.1,-4.3999889,60.323475
12.1292,0.0025,2.2996,101.3394,202.3858,72.7488,0.4014,2.9894,1.596,0.8789,1.362,2435.41,2435.8624,148,273,,28.1,-4.3999889,60.323475
12.1156,-0.001,2.2831,102.3251,201.5855,66.0145,0.3776,3.161,2.4898,1.8361,2.0843,2436.75,2436.3196,153,208,,24.6,-4.3999889,60.323475
12.1135,0.001,2.3187,101.8677,201.723,68.399,0.3987,3.3294,2.3992,3.1185,2.0123,2436.75,2436.472,153,208,,24.6,-4.3999889,60.323475
12.1135,0.0026,2.347,101.074,201.2807,70.4477,0.4111,3.4628,2.4366,2.7804,2.0416,2436.75,2436.6244,153,208,,24.6,-4.3999889,60.323475
12.1142,-0.0001,2.3459,100.7389,202.2284,70.5336,0.4103,3.4948,1.956,1.4159,1.6458,2436.75,2436.7768,153,208,,24.6,-4.3999889,60.323475
12.1114,0.0017,2.3457,100.4024,198.323,72.3421,0.3876,3.4169,1.6686,3.0962,1.4301,2436.75,2436.9292,153,208,,24.6,-4.3999889,60.323475
12.1141,0.0009,2.3251,100.2058,198.5879,69.4699,0.3769,3.2314,1.5283,1.7628,1.35,2437.18,2437.0816,155,24,0.81,24.8,-4.3999889,60.323475
12.1156,0.0001,2.3068,100.4586,198.2121,68.6663,0.3677,3.0598,1.3827,0.8809,1.2312,2437.18,2437.234,155,24,0.81,24.8,-4.3999889,60.323475
12.1145,-0.0023,2.2787,100.1369,198.8594,65.135,0.3623,2.9323,1.3959,1.0473,1.2518,2437.33,2437.3864,156,263,,27.9,-4.3999889,60.323475
12.1106,-0.0037,2.2515,99.6098,199.5166,62.5901,0.3534,2.8343,1.4628,1.0254,1.3083,2437.68,2437.5388,157,444,,26.9,-4.3999889,60.323475
12.1145,-0.0051,2.2304,99.2737,199.601,59.8148,0.3602,2.7686,1.6694,0.9601,1.4759,2437.68,2437.6912,157,444,,26.9,-4.3999889,60.323475
12.114,-0.0062,2.2244,98.938,199.6539,57.8604,0.3711,2.7212,1.8529,0.9553,1.6632,2437.93,2437.8436,158,134,19,27.6,-4.3999889,60.323475
12.1135,-0.0062,2.231,98.7367,197.6917,55.42,0.3585,2.6859,2.0142,0.9169,1.831,2437.93,2437.996,158,134,19,27.6,-4.3999889,60.323475
12.1158,-0.0058,2.2378,98.4699,194.7838,50.3478,0.328,2.7821,1.9105,0.9378,1.7545,2438.18,2438.1484,159,329,,27.3,-4.3999889,60.323475
12.1135,-0.0025,2.2471,98.0096,191.3318,48.0912,0.3161,2.7694,1.7917,0.949,1.6526,2438.18,2438.3008,159,329,,27.3,-4.3999889,60.323475
12.1125,-0.0019,2.2477,97.4728,187.4765,45.8783,0.3249,2.7983,1.6081,0.9404,1.4955,2438.45,2438.4532,160,1627,,27.5,-4.3999889,60.323475
12.1176,-0.0012,2.2468,95.967,183.6116,44.7833,0.3342,2.811,1.3947,0.848,1.3221,2438.68,2438.6056,161,1722,,27.4,-4.3999889,60.323475
12.1106,-0.004,2.2399,95.2881,178.9812,44.1676,0.3178,2.8528,1.5128,0.8491,1.4053,2438.68,2438.758,161,1722,,27.4,-4.3999889,60.323475
12.1145,-0.0027,2.2394,95.9835,177.8343,46.304,0.3343,2.8619,1.8399,0.944,1.6902,2438.91,2438.9104,162,1269,1719,27.3,-4.3999889,60.323475
12.1159,-0.0057,2.2695,96.4515,178.7001,46.9624,0.3492,2.9683,2.6994,2.7915,2.3477,2439.1099999999997,2439.0628,163,2081,,28.7,-4.3999889,60.323475
12.1135,-0.0056,2.3484,95.358,175.1445,45.999,0.3564,3.253,2.9797,90.6975,2.8431,2439.1099999999997,2439.2152,163,2081,,28.7,-4.3999889,60.323475
12.1135,0.0002,2.4615,93.4521,167.5931,45.2665,0.3008,3.5341,2.3591,6.9377,2.3458,2439.45,2439.3676,164,4760,,28,-4.3999889,60.323475
12.1149,0.0075,2.5259,92.9431,157.1201,47.665,0.2577,3.2055,1.7772,0.9746,1.7907,2439.45,2439.52,164,4760,,28,-4.3999889,60.323475
12.1145,0.0003,2.4612,90.4057,160.8727,51.2612,0.2621,2.8974,1.2777,0.8852,1.2804,2439.68,2439.6724,165,0.03,,6.6,-4.3999889,60.323475
12.1145,-0.0088,2.3307,89.1699,157.9617,54.8421,0.3005,2.6722,1.2815,0.937,1.2685,2439.93,2439.8248,166,156,,25.6,-4.3999889,60.323475
12.1135,-0.01,2.2462,90.104,158.3215,53.5565,0.334,2.6674,1.6629,0.9948,1.6124,2439.93,2439.9772,166,156,,25.6,-4.3999889,60.323475
12.1135,-0.009,2.2209,91.1029,163.6985,52.0178,0.3391,2.8796,2.4621,14.3518,2.3376,2440.18,2440.1296,167,287,171,28.1,-4.3999889,60.323475
12.1164,-0.0054,2.2896,94.0389,172.8425,51.0468,0.3351,3.1364,4.3349,33.045,4.0365,2440.18,2440.282,167,287,171,28.1,-4.3999889,60.323475
12.1116,-0.0022,2.3965,97.553,176.3007,51.0947,0.306,3.4512,12.4815,27.1507,11.1377,2440.18,2440.4344,167,287,171,28.1,-4.3999889,60.323475
12.1145,0.0044,2.5246,97.8627,170.3468,49.0729,0.2617,3.4838,38.4939,142.8857,34.5507,2440.18,2440.5868,167,287,171,28.1,-4.3999889,60.323475
12.1145,0.006,2.588,98.6425,165.3004,46.3215,0.2002,3.7521,71.5368,64.8141,61.4369,2441.05,2440.7392,172,<.01,,2.7,-4.3999889,60.323475
12.1145,0.0035,2.6089,91.7291,164.0367,46.028,0.1602,3.7582,59.7849,142.5381,48.1119,2441.05,2440.8916,172,<.01,,2.7,-4.3999889,60.323475
12.1145,0.0012,2.6204,73.4206,164.1283,47.3798,0.135,3.6759,28.8672,143.2384,22.6773,2441.05,2441.044,172,<.01,,2.7,-4.3999889,60.323475
12.1125,0.0027,2.6356,64.9431,164.3259,45.3637,0.1279,3.4942,11.5452,56.7871,9.3418,2441.23,2441.1964,168,796,,27.6,-4.3999889,60.323475
12.116,0.0034,2.6208,62.3535,168.3664,44.0229,0.1326,3.4566,4.4167,4.3566,3.6407,2441.3,2441.3488,173,0.04,0.04,6,-4.3999889,60.323475
12.0732,0.0037,2.5752,59.6413,177.7523,44.9869,0.1642,3.1157,2.4582,1.1159,2.0765,2441.48,2441.5012,169,0.16,,8.6,-4.3999889,60.323475
12.073,0.0027,2.4949,60.1641,172.4739,47.0988,0.2194,2.9078,1.9121,0.9151,1.6263,2441.73,2441.6536,170,0.19,,10.2,-4.3999889,60.323475
12.0745,-0.0024,2.38,62.3087,154.5049,49.9229,0.2847,2.7446,1.703,0.8768,1.449,2441.78,2441.806,175,399,,25.4,-4.3999889,60.323475
12.073,-0.0044,2.2923,72.0251,149.2793,47.2737,0.3191,2.7418,1.5297,0.8864,1.3149,2441.98,2441.9584,171,0.01,<.01,2.9,-4.3999889,60.323475
12.073,-0.0056,2.237,81.5379,133.7476,49.4205,0.3436,2.7181,1.4553,0.8755,1.2655,2442.1200000000003,2442.1108,176,582,65,27.3,-4.3999889,60.323475
12.0727,-0.0068,2.2267,88.8251,159.0366,48.3264,0.3398,2.6894,1.4412,0.8605,1.2603,2442.3,2442.2632,177,518,231,27.3,-4.3999889,60.323475
12.0747,-0.0089,2.2268,93.6631,168.2307,50.4423,0.3461,2.6421,1.493,0.8798,1.3135,2442.3,2442.4156,177,518,231,27.3,-4.3999889,60.323475
12.072,-0.0062,2.2334,96.545,177.8836,49.5331,0.3443,2.6346,1.6128,0.9206,1.4027,2442.55,2442.568,178,239,,27.9,-4.3999889,60.323475
12.0768,-0.0041,2.2378,96.5487,184.4542,51.2972,0.3463,2.6728,1.7569,0.8149,1.4947,2442.8,2442.7204,179,563,,28.7,-4.3999889,60.323475
12.0719,-0.0023,2.2359,97.4158,187.9173,53.7855,0.3488,2.737,1.7498,0.8366,1.4615,2442.8,2442.8728,179,563,,28.7,-4.3999889,60.323475
12.0718,-0.0041,2.2302,97.0954,189.0892,52.9308,0.3471,2.8428,1.6564,0.8785,1.3952,2443.05,2443.0252,180,624,,27.5,-4.3999889,60.323475
12.0758,-0.0043,2.226,96.3706,189.072,52.5958,0.3457,2.8831,1.5284,0.8821,1.2716,2443.3,2443.1776,181,740,369,27.3,-4.3999889,60.323475
12.0716,-0.0057,2.2261,95.9535,188.8767,51.5909,0.3441,2.872,1.3774,0.8648,1.1495,2443.3,2443.33,181,740,369,27.3,-4.3999889,60.323475
12.077,-0.0076,2.2256,95.4284,187.7351,50.7709,0.3398,2.8726,1.3464,0.8836,1.0912,2443.55,2443.4824,182,764,,27.6,-4.3999889,60.323475
12.0718,-0.0079,2.2243,95.2711,185.3342,50.3881,0.3558,2.8081,1.4429,0.8236,1.1491,2443.55,2443.6348,182,764,,27.6,-4.3999889,60.323475
12.073,-0.0053,2.2225,95.3269,183.9308,51.2972,0.3568,2.7504,1.5078,0.8996,1.1873,2443.78,2443.7872,183,1221,,29.4,-4.3999889,60.323475
12.0755,-0.0053,2.2225,96.8994,184.93,52.6917,0.3662,2.7433,1.5206,0.9552,1.1764,2443.78,2443.9396,183,1221,,29.4,-4.3999889,60.323475
12.073,-0.0035,2.2263,97.2571,188.206,53.3512,0.362,2.7914,1.5383,1.0092,1.1935,2444.1200000000003,2444.092,184,392,,28.3,-4.3999889,60.323475
12.0725,-0.0044,2.2229,98.3911,189.4863,53.1598,0.3724,2.8993,1.4806,0.8205,1.1537,2444.3,2444.2444,185,2280,1450,30,-4.3999889,60.323475
12.074,-0.0057,2.2156,100.975,193.6573,53.665,0.3953,2.8909,1.5098,0.9459,1.1696,2444.3,2444.3968,185,2280,1450,30,-4.3999889,60.323475
12.0708,-0.0057,2.2092,102.7103,197.0927,56.5547,0.4063,2.9005,1.7373,0.8783,1.3256,2444.55,2444.5492,186,104,,26,-4.3999889,60.323475
12.0758,-0.0019,2.2115,102.6859,197.534,58.2295,0.402,2.8793,1.8517,0.9507,1.3788,2444.78,2444.7016,187,49,,24.9,-4.3999889,60.323475
12.0722,-0.0026,2.2174,102.3495,197.6518,61.4978,0.3812,2.9854,1.8088,1.3314,1.3572,2444.78,2444.854,187,49,,24.9,-4.3999889,60.323475
12.073,0.001,2.2417,102.457,197.4782,62.2551,0.3893,3.144,1.7681,1.5342,1.3417,2445.05,2445.0064,188,91,,24.6,-4.3999889,60.323475
12.0758,0.0039,2.2651,102.0966,197.5315,64.4498,0.3819,3.1593,1.6506,0.8741,1.2692,2445.05,2445.1588,188,91,,24.6,-4.3999889,60.323475
12.0719,0.0041,2.27,101.504,196.2313,64.5539,0.3895,3.0048,1.6028,0.9231,1.2453,2445.3,2445.3112,189,774,1057,30.8,-4.3999889,60.323475
12.073,-0.0002,2.2426,101.4609,195.5659,63.2141,0.3879,2.8607,1.7788,1.0174,1.3647,2445.55,2445.4636,190,122,,27,-4.3999889,60.323475
12.0758,-0.0004,2.2274,101.4665,195.0361,64.369,0.3982,2.9009,1.9425,1.1198,1.4775,2445.55,2445.616,190,122,,27,-4.3999889,60.323475
12.0719,-0.0012,2.2232,101.2794,195.9233,64.7434,0.3885,2.9129,1.9543,1.0001,1.4866,2445.78,2445.7684,191,330,,28.8,-4.3999889,60.323475
12.073,-0.0013,2.2266,101.0799,196.5088,65.2301,0.3717,2.8186,1.8392,0.9496,1.4194,2446.05,2445.9208,192,1542,,29,-4.3999889,60.323475
12.073,-0.003,2.2202,101.1244,196.5978,58.9138,0.3571,2.6797,1.702,0.8533,1.3091,2446.05,2446.0732,192,1542,,29,-4.3999889,60.323475
12.0719,-0.0029,2.2114,101.0757,195.3078,54.8943,0.3593,2.6485,1.4658,0.8508,1.1289,2446.3,2446.2256,193,1002,594,28.6,-4.3999889,60.323475
12.0939,-0.0046,2.2064,100.8158,194.1402,52.2542,0.366,2.6572,1.3156,0.733,1.0291,2446.3,2446.378,193,1002,594,28.6,-4.3999889,60.323475
12.1132,-0.0049,2.2026,100.1843,191.9765,52.1656,0.3703,2.6505,1.2765,0.7283,1.005,2446.5,2446.5304,194,2298,,30,-4.3999889,60.323475
12.1129,-0.0049,2.1994,99.8757,191.0353,51.3455,0.3864,2.588,1.3424,0.7383,1.04,2446.8,2446.6828,195,1520,,29.3,-4.3999889,60.323475
12.116,-0.0037,2.2003,99.9233,190.4424,51.7835,0.3792,2.6588,1.3693,0.866,1.0663,2446.8,2446.8352,195,1520,,29.3,-4.3999889,60.323475
12.1132,-0.0041,2.2052,100.0542,190.7641,55.5089,0.4126,2.8211,1.553,1.4127,1.2159,2447.05,2446.9876,196,319,,26,-4.3999889,60.323475
12.1129,-0.0035,2.2136,100.252,191.7835,58.1336,0.417,2.8573,1.6654,0.9619,1.3351,2447.05,2447.14,196,319,,26,-4.3999889,60.323475
12.116,-0.0047,2.2208,100.6287,193.5253,58.9398,0.4261,2.7706,1.7451,0.8102,1.3944,2447.3,2447.2924,197,626,211,27.6,-4.3999889,60.323475
12.1132,-0.005,2.2244,100.7864,195.2105,56.5472,0.4011,2.621,1.8461,1.0513,1.4815,2447.55,2447.4448,198,393,,27.9,-4.3999889,60.323475
12.1157,-0.0047,2.2238,100.9847,195.5898,55.6619,0.3955,2.6266,1.9249,0.9165,1.5428,2447.55,2447.5972,198,393,,27.9,-4.3999889,60.323475
12.116,-0.0045,2.216,101.425,196.6355,55.9011,0.3965,2.6242,1.7762,0.8637,1.4413,2447.8,2447.7496,199,848,,29.1,-4.3999889,60.323475
12.1124,-0.0053,2.2099,101.789,196.5098,53.9652,0.3948,2.6404,1.5951,0.8664,1.3118,2447.8,2447.902,199,848,,29.1,-4.3999889,60.323475
12.117,-0.0042,2.2104,101.5603,195.1116,53.4734,0.3906,2.6526,1.492,0.8937,1.2412,2448.3,2448.0544,201,636,137,27.6,-4.3999889,60.323475
12.11,-0.0045,2.2157,101.1653,192.984,51.1287,0.3889,2.6285,1.5065,0.8844,1.2545,2448.3,2448.2068,201,636,137,27.6,-4.3999889,60.323475
12.117,-0.0077,2.2213,100.7656,189.9866,50.4871,0.3883,2.6278,1.6391,0.9936,1.3585,2448.3,2448.3592,201,636,137,27.6,-4.3999889,60.323475
12.1145,-0.01,2.2318,99.5208,186.1883,49.0607,0.3742,2.6317,1.7621,1.0758,1.4634,2448.5,2448.5116,202,353,,25.8,-4.3999889,60.323475
12.1132,-0.0081,2.256,98.538,184.2632,49.0607,0.3616,2.7958,2.1856,1.421,1.8044,2448.8,2448.664,203,563,,24.5,-4.3999889,60.323475
12.1157,-0.0063,2.2819,97.2577,182.2452,49.6039,0.3593,2.8426,2.2394,1.4254,1.8593,2448.8,2448.8164,203,563,,24.5,-4.3999889,60.323475
12.1094,-0.0071,2.2945,95.9707,180.7111,51.177,0.3609,2.863,1.9007,1.4135,1.6081,2449.05,2448.9688,204,88,66,24.7,-4.3999889,60.323475
12.116,-0.0064,2.2978,94.7046,179.4379,51.9497,0.3736,2.8997,1.7167,2.2864,1.4796,2449.05,2449.1212,204,88,66,24.7,-4.3999889,60.323475
12.1142,-0.0033,2.3105,93.622,179.3783,56.3287,0.3722,3.0108,1.6908,1.4596,1.4751,2449.05,2449.2736,204,88,66,24.7,-4.3999889,60.323475
12.1142,-0.0042,2.3052,93.9433,180.9049,62.773,0.3825,2.9331,1.6954,0.8578,1.4808,2449.55,2449.426,206,805,435,29.9,-4.3999889,60.323475
12.1142,-0.0075,2.2815,95.5136,183.1909,68.5583,0.3703,2.8825,2.0475,1.2683,1.762,2449.55,2449.5784,206,805,435,29.9,-4.3999889,60.323475
12.1119,-0.0081,2.2586,96.8346,187.624,70.8168,0.3683,2.8861,2.2412,1.7912,1.9717,2449.8,2449.7308,207,120,,23.3,-4.3999889,60.323475
12.1222,-0.0058,2.2684,98.861,192.0804,68.4877,0.3622,3.2057,2.2428,2.1299,1.9715,2449.8,2449.8832,207,120,,23.3,-4.3999889,60.323475
12.1474,-0.005,2.2897,99.9027,195.5793,70.3173,0.3692,3.3365,1.9763,2.3024,1.8003,2450.23,2450.0356,209,209,227,26.3,-4.3999889,60.323475
12.1523,-0.0022,2.3115,100.5846,197.7047,72.0416,0.3911,3.4501,1.9535,2.2406,1.7921,2450.23,2450.188,209,209,227,26.3,-4.3999889,60.323475
12.1563,0.0003,2.3198,101.1267,199.8677,73.6207,0.3868,3.3415,1.9925,2.3561,1.8367,2450.23,2450.3404,209,209,227,26.3,-4.3999889,60.323475
12.1554,0.0014,2.3205,101.2167,199.8132,71.0535,0.4128,3.2652,2.0318,1.3708,1.8775,2450.55,2450.4928,210,209,227,26.3,-4.3999889,60.323475
12.1549,0.0028,2.3153,101.8095,200.5567,69.4796,0.4092,3.2523,2.3775,2.598,2.1779,2450.55,2450.6452,210,209,227,26.3,-4.3999889,60.323475
12.1885,0.0022,2.3205,102.4092,204.7555,71.1641,0.4254,3.4102,2.6643,2.8192,2.5023,2450.55,2450.7976,210,209,227,26.3,-4.3999889,60.323475
12.2711,0.0022,2.3472,102.7414,208.277,74.9719,0.4037,3.7829,2.6913,4.4598,2.5289,2450.55,2450.95,210,209,227,26.3,-4.3999889,60.323475
12.2391,-0.0057,2.3712,107.4234,215.5949,77.6487,0.4229,3.6273,2.2255,3.5642,2.3036,2470.54,2470.1524,293,0.36,,8.3,-4.3999889,60.323475
12.2353,-0.0069,2.3671,107.5951,216.0946,75.5195,0.4147,3.4316,2.1849,3.4968,2.2353,2470.54,2470.3048,293,0.36,,8.3,-4.3999889,60.323475
12.2368,-0.0051,2.3714,106.8677,217.0013,76.0539,0.3867,3.4098,2.1904,3.2473,2.242,2470.54,2470.4572,293,0.36,,8.3,-4.3999889,60.323475
12.2275,-0.0041,2.377,106.679,218.0627,77.8351,0.3993,3.389,2.4439,3.2408,2.4682,2470.54,2470.6096,293,0.36,,8.3,-4.3999889,60.323475
12.2058,-0.0051,2.3746,106.8742,218.5669,79.8769,0.4042,3.3682,3.2226,3.3003,3.2074,2470.75,2470.762,294,0.07,0.06,5.3,-4.3999889,60.323475
12.1957,-0.0048,2.372,107.5331,221.2961,78.8444,0.4116,3.4063,4.6907,5.2567,4.5578,2471,2470.9144,295,0.02,,3.5,-4.3999889,60.323475
12.198,-0.0031,2.3765,108.2451,222.468,77.2647,0.4021,3.4733,8.0438,9.086,7.5681,2471,2471.0668,295,0.02,,3.5,-4.3999889,60.323475
12.1697,-0.0043,2.4052,108.0542,215.289,72.4846,0.3554,3.5957,12.6687,35.1938,11.4977,2471,2471.2192,295,0.02,,3.5,-4.3999889,60.323475
12.1653,-0.0043,2.4567,107.0008,203.4717,67.872,0.2975,3.5688,9.0046,56.4785,8.0522,2471,2471.3716,295,0.02,,3.5,-4.3999889,60.323475
12.1764,0.0007,2.5535,83.3516,161.9923,51.6117,0.1769,3.5075,2.6067,2.5872,2.5073,2472.25,2471.8288,300,1.2,,22.9,-4.3999889,60.323475
12.1991,0.0007,2.4966,77.7587,143.6887,55.3441,0.2259,3.4999,2.3543,2.8781,2.2878,2472.25,2471.9812,300,1.2,,22.9,-4.3999889,60.323475
12.265,0.0011,2.4274,75.0787,144.2032,61.7176,0.3126,3.4192,2.282,3.0618,2.2395,2472.25,2472.1336,300,1.2,,22.9,-4.3999889,60.323475
12.213,-0.0002,2.3665,77.0371,152.9227,69.7359,0.3827,3.4543,2.4769,2.7663,2.4424,2472.25,2472.286,300,1.2,,22.9,-4.3999889,60.323475
12.1925,0.002,2.3529,83.7909,167.0814,72.2564,0.4022,3.3776,2.4116,2.9387,2.3938,2472.5,2472.4384,301,185,,25,-4.3999889,60.323475
12.2295,0.0002,2.3486,83.4996,177.5853,75.6011,0.4186,3.4973,2.2763,3.2204,2.2399,2472.5,2472.5908,301,185,,25,-4.3999889,60.323475
12.2372,0.0009,2.3583,92.9852,188.8552,76.0796,0.4247,3.5458,2.0879,2.8173,2.0694,2472.75,2472.7432,302,118,,25.2,-4.3999889,60.323475
12.2358,0.002,2.3462,103.1056,204.7561,78.5389,0.438,3.5642,1.8169,1.7215,1.7958,2472.98,2472.8956,303,280,119,25.7,-4.3999889,60.323475
12.2335,-0.0013,2.3268,107.1499,214.3513,75.1451,0.4175,3.5183,1.6477,1.54,1.6254,2472.98,2473.048,303,280,119,25.7,-4.3999889,60.323475
12.2038,0,2.3133,106.4757,216.7991,74.4197,0.4123,3.3398,1.5231,1.6799,1.5006,2473.25,2473.2004,304,384,,26.8,-4.3999889,60.323475
12.1207,0.004,2.3153,106.204,216.184,71.4193,0.3978,3.299,1.5333,1.4602,1.5014,2473.25,2473.3528,304,384,,26.8,-4.3999889,60.323475
12.117,0.0031,2.3046,105.812,213.1633,71.6652,0.3791,3.117,1.6227,1.2756,1.5589,2473.25,2473.5052,304,384,,26.8,-4.3999889,60.323475
12.1109,0.0006,2.2874,106.0553,209.5041,69.6978,0.375,3.0857,1.8472,1.221,1.7593,2473.25,2473.6576,304,384,,26.8,-4.3999889,60.323475
12.3576,0.0018,2.3529,110.8627,233.9094,74.2148,0.4141,3.5042,2.366,2.4992,2.2017,2481.98,2481.5824,339,1.5,3,21.4,-4.3999889,60.323475
12.3597,-0.003,2.3451,110.4914,233.0799,72.8089,0.3913,3.3113,2.311,2.8781,2.1219,2481.98,2481.7348,339,1.5,3,21.4,-4.3999889,60.323475
12.3628,-0.0008,2.3482,109.2909,231.0046,73.3503,0.3838,3.3328,2.3007,2.7342,2.1378,2481.98,2481.8872,339,1.5,3,21.4,-4.3999889,60.323475
12.3575,0.0032,2.3324,107.2713,222.0776,73.6855,0.3968,3.3706,2.3081,2.8807,2.1254,2481.98,2482.0396,339,1.5,3,21.4,-4.3999889,60.323475
12.3772,0.0021,2.3039,106.7408,215.8031,75.8839,0.3878,3.4058,2.343,2.5917,2.169,2482.2,2482.192,340,1.3,,17.4,-4.3999889,60.323475
12.4032,0.0005,2.2793,107.2938,214.954,78.0919,0.3994,3.323,2.3574,2.558,2.1565,2482.2,2482.3444,340,1.3,,17.4,-4.3999889,60.323475
12.4001,0.0039,2.2972,107.8927,215.3641,79.9134,0.3932,3.3007,2.353,2.7346,2.171,2482.55,2482.4968,341,3.2,0.55,19.6,-4.3999889,60.323475
12.4032,0.0046,2.3254,108.062,217.2497,80.7352,0.3987,3.2755,2.3774,2.7702,2.1789,2482.55,2482.6492,341,3.2,0.55,19.6,-4.3999889,60.323475
12.399,0.0031,2.3486,107.3935,224.1738,80.33,0.3825,3.2124,2.3908,2.8606,2.1837,2482.55,2482.8016,341,3.2,0.55,19.6,-4.3999889,60.323475
12.6659,-0.0011,2.351,107.4638,228.6554,77.9129,0.3842,3.0779,2.4207,2.1008,2.1905,2482.55,2482.954,341,3.2,0.55,19.6,-4.3999889,60.323475
12.1973,0.0048,2.3404,102.6895,214.1266,74.3718,0.4028,3.2581,1.5447,1.226,1.4877,2485,2484.6304,351,0.6,0.03,7.9,-4.3999889,60.323475
12.0936,0.0004,2.3008,103.3926,214.3277,73.341,0.3901,3.1787,1.4343,1.0618,1.3704,2485,2484.7828,351,0.6,0.03,7.9,-4.3999889,60.323475
12.0779,-0.0043,2.2596,104.4386,215.2422,70.9392,0.3867,3.0964,1.3721,1.1705,1.3021,2485,2484.9352,351,0.6,0.03,7.9,-4.3999889,60.323475
12.0777,-0.006,2.2356,105.8064,219.979,71.0685,0.3835,3.0829,1.3786,1.112,1.3053,2485,2485.0876,351,0.6,0.03,7.9,-4.3999889,60.323475
12.1021,-0.0038,2.2384,106.6104,222.5267,69.1112,0.3738,3.0794,1.6291,1.2241,1.5173,2485.25,2485.24,352,0.04,,6.8,-4.3999889,60.323475
12.1129,-0.0054,2.2487,106.3745,223.7637,67.3542,0.3533,3.1637,2.186,1.1432,2.0259,2485.25,2485.3924,352,0.04,,6.8,-4.3999889,60.323475
12.1153,-0.0041,2.2886,104.9344,221.571,63.1871,0.3271,3.2754,2.9115,3.4464,2.638,2485.25,2485.5448,352,0.04,,6.8,-4.3999889,60.323475
12.1213,-0.0019,2.3698,105.3198,209.1317,59.0272,0.2766,3.3707,5.5226,14.5569,4.8896,2486.1,2485.6972,354,<.01,,4.2,-4.3999889,60.323475
12.1512,0.0008,2.4647,102.0584,197.7429,53.4136,0.2337,3.2014,15.6353,24.3131,13.6239,2486.1,2485.8496,354,<.01,,4.2,-4.3999889,60.323475
12.1532,0.0013,2.5457,97.0474,182.2077,49.177,0.2044,3.2348,21.9143,39.5808,19.0481,2486.1,2486.002,354,<.01,,4.2,-4.3999889,60.323475
12.1518,-0.0014,2.5732,93.8504,167.858,45.3423,0.1852,3.2743,24.512,45.7766,21.0121,2486.1,2486.1544,354,<.01,,4.2,-4.3999889,60.323475
12.1247,-0.0024,2.5746,84.0261,151.7339,43.2559,0.1687,3.2921,22.7693,40.681,19.3811,2486.4300000000003,2486.3068,355,3.8,24,14.1,-4.3999889,60.323475
12.1149,-0.0032,2.5637,75.4119,146.4821,40.4097,0.1547,3.1189,8.3532,22.6414,7.146,2486.4300000000003,2486.4592,355,3.8,24,14.1,-4.3999889,60.323475
12.1149,-0.0009,2.5322,66.5242,131.2061,40.5062,0.1602,3.0919,3.6058,4.9452,3.1557,2486.65,2486.6116,356,129,,24.7,-4.3999889,60.323475
12.1145,0.0038,2.4971,61.9503,125.6323,41.7759,0.1828,2.9977,2.4908,1.4555,2.2025,2486.65,2486.764,356,129,,24.7,-4.3999889,60.323475
12.0904,0.0048,2.4243,61.4794,127.3922,44.1369,0.2559,3.0405,1.9274,1.3381,1.7394,2486.9,2486.9164,357,27,,22.8,-4.3999889,60.323475
12.0715,0.0013,2.3733,63.6685,130.0154,49.6483,0.3077,3.0568,1.7775,1.6499,1.6015,2486.9,2487.0688,357,27,,22.8,-4.3999889,60.323475
12.0694,0.0036,2.3403,70.1751,133.8575,57.5417,0.3426,3.2091,1.9382,1.7273,1.7461,2487.42,2487.2212,359,21,7,25.4,-4.3999889,60.323475
12.0745,0.0049,2.3384,91.7065,134.7103,63.3457,0.3434,3.283,2.0904,2.9088,1.8814,2487.42,2487.3736,359,21,7,25.4,-4.3999889,60.323475
12.0734,0.0044,2.3249,102.2197,161.4873,66.886,0.3572,3.3125,2.0706,3.0473,1.8848,2487.42,2487.526,359,21,7,25.4,-4.3999889,60.323475
12.0721,0.0009,2.3045,104.214,172.5663,66.0765,0.3882,3.3142,1.934,2.0798,1.7605,2487.65,2487.6784,360,455,,27.6,-4.3999889,60.323475
12.0723,0.003,2.2763,101.8334,186.5612,67.798,0.3939,3.2322,1.8162,1.1767,1.654,2487.92,2487.8308,361,281,,29,-4.3999889,60.323475
12.0323,0.0001,2.2435,99.4797,201.0717,67.6056,0.3869,3.2015,1.6975,1.1022,1.5431,2487.92,2487.9832,361,281,,29,-4.3999889,60.323475
12.033,-0.0015,2.2168,98.3431,210.3032,67.8866,0.3571,3.1606,1.6371,1.1931,1.4495,2488.13,2488.1356,362,267,,29,-4.3999889,60.323475
12.0289,-0.0042,2.2043,98.0741,214.5895,65.5059,0.3539,3.1494,1.6649,1.0404,1.4817,2488.13,2488.288,362,267,,29,-4.3999889,60.323475
12.0532,-0.0031,2.2031,100.8477,216.3489,59.942,0.3608,3.0436,1.7336,0.9675,1.504,2488.67,2488.4404,364,43,35,27.1,-4.3999889,60.323475
12.0728,-0.0031,2.2108,102.2831,208.1817,57.827,0.3629,3.0282,1.8275,1.0049,1.5512,2488.67,2488.5928,364,43,35,27.1,-4.3999889,60.323475
12.0715,-0.0034,2.2262,102.9796,203.807,54.9859,0.3566,3.0584,1.8677,1.1032,1.5599,2488.67,2488.7452,364,43,35,27.1,-4.3999889,60.323475
12.0717,-0.0031,2.2413,101.9053,199.1547,54.5432,0.3406,3.0965,1.8707,1.1519,1.5571,2488.9,2488.8976,365,264,,28.6,-4.3999889,60.323475
12.0747,-0.0031,2.249,101.6428,196.9918,53.2152,0.3446,3.0287,1.9024,1.1726,1.5795,2489.17,2489.05,366,415,,26.1,-4.3999889,60.323475
12.075,-0.0013,2.2519,100.9546,193.7121,55.0443,0.3496,3.0011,1.9398,1.1235,1.6053,2489.17,2489.2024,366,415,,26.1,-4.3999889,60.323475
12.1187,0.0011,2.262,101.3397,192.5013,61.4779,0.374,2.9956,1.9962,1.4522,1.6433,2489.17,2489.3548,366,415,,26.1,-4.3999889,60.323475
12.1187,0.0039,2.2807,104.0274,196.9151,65.7025,0.3781,3.0731,2.1058,1.4713,1.7246,2489.17,2489.5072,366,415,,26.1,-4.3999889,60.323475
12.0723,0.0051,2.2922,107.1934,203.0584,70.62,0.3748,3.0735,2.1714,1.9957,1.7732,2489.92,2489.6596,369,260,,30.6,-4.3999889,60.323475
12.0745,0.0067,2.2949,109.5,211.6007,73.3188,0.385,3.073,2.1198,1.7566,1.719,2489.92,2489.812,369,260,,30.6,-4.3999889,60.323475
12.0694,0.0051,2.2903,109.7767,220.2565,73.2751,0.3875,3.0655,2.0374,1.6542,1.6442,2489.92,2489.9644,369,260,,30.6,-4.3999889,60.323475
12.0734,0,2.28,110.4128,231.2238,73.0632,0.4163,3.0258,1.9192,1.3319,1.557,2490.15,2490.1168,370,77,,29.3,-4.3999889,60.323475
12.0713,-0.0007,2.2619,110.0309,236.8314,69.1278,0.4015,2.9605,1.837,1.0306,1.4825,2490.15,2490.2692,370,77,,29.3,-4.3999889,60.323475
12.0736,-0.0034,2.2341,107.9319,236.852,65.2754,0.3961,2.8824,1.7817,1.0402,1.4213,2490.42,2490.4216,371,81,68,28.6,-4.3999889,60.323475
12.0694,-0.0068,2.2164,109.4182,230.227,60.8649,0.3611,2.883,1.8482,1.0177,1.4649,2490.42,2490.574,371,81,68,28.6,-4.3999889,60.323475
12.0734,-0.0066,2.2172,108.8576,223.9319,57.1206,0.3547,2.9188,1.9377,1.0609,1.5191,2490.9,2490.7264,373,62,,28.2,-4.3999889,60.323475
12.0723,-0.0026,2.2282,107.3398,212.5298,58.588,0.351,2.9422,1.9985,1.0759,1.5593,2490.9,2490.8788,373,62,,28.2,-4.3999889,60.323475
12.0734,-0.0014,2.2374,105.4199,199.9624,56.3701,0.3517,2.917,2.0541,1.1048,1.5885,2491.15,2491.0312,374,88,,27.5,-4.3999889,60.323475
12.0706,0.0002,2.2466,103.9447,192.7318,56.8173,0.358,2.9896,2.1094,1.139,1.6467,2491.15,2491.1836,374,88,,27.5,-4.3999889,60.323475
12.0713,0.0022,2.2548,102.2172,190.4642,55.6454,0.3464,3.0246,2.1333,1.1076,1.646,2491.4300000000003,2491.336,375,32,53,26.8,-4.3999889,60.323475
12.0736,0.0012,2.2483,100.3242,191.0319,56.4977,0.3466,3.1161,2.1449,1.1364,1.6646,2491.4300000000003,2491.4884,375,32,53,26.8,-4.3999889,60.323475
12.0719,-0.0003,2.2475,101.1717,187.9692,55.5323,0.3271,3.0488,2.1351,1.1999,1.6626,2491.65,2491.6408,376,82,,26.6,-4.3999889,60.323475
12.0734,-0.0008,2.2471,100.4047,185.8948,55.9791,0.3395,3.0441,2.1125,1.1784,1.6474,2491.9,2491.7932,377,69,,26.9,-4.3999889,60.323475
12.0706,-0.0002,2.2557,99.4851,182.504,54.7366,0.328,2.9966,2.0962,1.1625,1.6278,2491.9,2491.9456,377,69,,26.9,-4.3999889,60.323475
12.0694,-0.0017,2.2531,98.9434,182.785,56.0644,0.344,3.006,2.08,1.1997,1.6341,2491.9,2492.098,377,69,,26.9,-4.3999889,60.323475
12.0736,-0.002,2.2544,98.4106,181.5526,54.8083,0.3356,2.9707,2.078,1.2035,1.624,2492.42,2492.2504,379,218,114,29,-4.3999889,60.323475
12.0728,-0.001,2.2618,98.0069,180.3045,56.3331,0.3401,3.0081,2.0256,1.2308,1.587,2492.42,2492.4028,379,218,114,29,-4.3999889,60.323475
12.0695,-0.002,2.2622,97.8059,180.604,56.6367,0.325,2.9957,1.9426,1.387,1.5298,2492.42,2492.5552,379,218,114,29,-4.3999889,60.323475
12.0747,-0.0028,2.2603,97.869,182.9647,59.3353,0.3365,2.9609,1.9006,1.0496,1.5045,2492.9,2492.7076,381,54,,26,-4.3999889,60.323475
12.0694,-0.0036,2.2486,98.5899,186.9179,60.0139,0.3519,2.913,1.8897,1.0758,1.4944,2492.9,2492.86,381,54,,26,-4.3999889,60.323475
12.0734,-0.0037,2.2517,99.8377,189.9949,58.3947,0.3673,2.8802,1.8654,1.1681,1.4753,2492.9,2493.0124,381,54,,26,-4.3999889,60.323475