Start Depth,End Depth,Predicted Class
2208,2208.023326,is
2208.023494,2208.04682,is
2208.046988,2208.070314,is
2208.070482,2208.093808,is
2208.093975,2208.117302,nc
2208.117469,2208.140795,nc
2208.140963,2208.164289,nc
2208.164457,2208.187783,nc
2208.187951,2208.211277,nc
2208.211445,2208.234771,nc
2208.234939,2208.258265,is
2208.258433,2208.281759,is
2208.281926,2208.305253,is
2208.30542,2208.328746,is
2208.328914,2208.35224,is
2208.352408,2208.375734,is
2208.375902,2208.399228,is
2208.399396,2208.422722,is
2208.42289,2208.446216,is
2208.446384,2208.46971,is
2208.469877,2208.493204,is
2208.493371,2208.516697,is
2208.516865,2208.540191,is
2208.540359,2208.563685,is
2208.563853,2208.587179,sh
2208.587347,2208.610673,s
2208.610841,2208.634167,s
2208.634335,2208.657661,s
2208.657828,2208.681155,s
2208.681322,2208.704648,s
2208.704816,2208.728142,s
2208.72831,2208.751636,s
2208.751804,2208.77513,is
2208.775298,2208.798624,is
2208.798792,2208.822118,is
2208.822286,2208.845612,is
2208.845779,2208.869106,is
2208.869273,2208.892599,is
2208.892767,2208.916093,is
2208.916261,2208.939587,sh
2208.939755,2208.963081,sh
2208.963249,2208.986575,sh
2208.986743,2209.009901,sh
2209.010069,2209.033395,sh
2209.033563,2209.056889,sh
2209.057057,2209.080383,sh
2209.08055,2209.103876,sh
2209.104044,2209.12737,sh
2209.127538,2209.150864,sh
2209.151032,2209.174358,sh
2209.174526,2209.197852,sh
2209.19802,2209.221346,sh
2209.221514,2209.24484,sh
2209.245008,2209.268334,sh
2209.268501,2209.291827,sh
2209.291995,2209.315321,sh
2209.315489,2209.338815,sh
2209.338983,2209.362309,sh
2209.362477,2209.385803,sh
2209.385971,2209.409297,sh
2209.409465,2209.432791,sh
2209.432959,2209.456285,sh
2209.456452,2209.479778,sh
2209.479946,2209.503272,sh
2209.50344,2209.526766,sh
2209.526934,2209.55026,sh
2209.550428,2209.573754,sh
2209.573922,2209.597248,sh
2209.597416,2209.620742,sh
2209.62091,2209.644236,sh
2209.644403,2209.667729,sh
2209.667897,2209.691223,sh
2209.691391,2209.714717,sh
2209.714885,2209.738211,sh
2209.738379,2209.761705,sh
2209.761873,2209.785199,sh
2209.785367,2209.808693,sh
2209.808861,2209.832187,sh
2209.832354,2209.85568,sh
2209.855848,2209.879174,sh
2209.879342,2209.902668,sh
2209.902836,2209.926162,sh
2209.92633,2209.949656,sh
2209.949824,2209.97315,sh
2209.973318,2209.996644,sh
2209.996812,2210.01997,sh
2210.020138,2210.043464,sh
2210.043631,2210.066958,sh
2210.067125,2210.090451,sh
2210.090619,2210.113945,sh
2210.114113,2210.137439,sh
2210.137607,2210.160933,sh
2210.161101,2210.184427,sh
2210.184595,2210.207921,sh
2210.208089,2210.231415,sh
2210.231582,2210.254909,sh
2210.255076,2210.278402,sh
2210.27857,2210.301896,sh
2210.302064,2210.32539,sh
2210.325558,2210.348884,sh
2210.349052,2210.372378,sh
2210.372546,2210.395872,sh
2210.39604,2210.419366,sh
2210.419533,2210.44286,sh
2210.443027,2210.466353,sh
2210.466521,2210.489847,sh
2210.490015,2210.513341,sh
2210.513509,2210.536835,sh
2210.537003,2210.560329,sh
2210.560497,2210.583823,sh
2210.583991,2210.607317,sh
2210.607484,2210.630811,sh
2210.630978,2210.654304,sh
2210.654472,2210.677798,sh
2210.677966,2210.701292,sh
2210.70146,2210.724786,sh
2210.724954,2210.74828,sh
2210.748448,2210.771774,sh
2210.771942,2210.795268,sh
2210.795435,2210.818762,s
2210.818929,2210.842255,s
2210.842423,2210.865749,s
2210.865917,2210.889243,s
2210.889411,2210.912737,s
2210.912905,2210.936231,s
2210.936399,2210.959725,s
2210.959893,2210.983219,s
2210.983386,2211.006545,s
2211.006713,2211.030039,s
2211.030206,2211.053532,s
2211.0537,2211.077026,s
2211.077194,2211.10052,s
2211.100688,2211.124014,s
2211.124182,2211.147508,s
2211.147676,2211.171002,s
2211.17117,2211.194496,s
2211.194664,2211.21799,s
2211.218157,2211.241483,s
2211.241651,2211.264977,s
2211.265145,2211.288471,s
2211.288639,2211.311965,s
2211.312133,2211.335459,s
2211.335627,2211.358953,s
2211.359121,2211.382447,s
2211.382615,2211.405941,s
2211.406108,2211.429434,s
2211.429602,2211.452928,s
2211.453096,2211.476422,s
2211.47659,2211.499916,s
2211.500084,2211.52341,s
2211.523578,2211.546904,s
2211.547072,2211.570398,s
2211.570566,2211.593892,s
2211.594059,2211.617385,s
2211.617553,2211.640879,s
2211.641047,2211.664373,s
2211.664541,2211.687867,s
2211.688035,2211.711361,s
2211.711529,2211.734855,s
2211.735023,2211.758349,s
2211.758517,2211.781843,s
2211.78201,2211.805336,s
2211.805504,2211.82883,s
2211.828998,2211.852324,s
2211.852492,2211.875818,s
2211.875986,2211.899312,s
2211.89948,2211.922806,s
2211.922974,2211.9463,s
2211.946468,2211.969794,s
2211.969961,2211.993287,s
2211.993455,2212.016614,s
2212.016781,2212.040107,s
2212.040275,2212.063601,s
2212.063769,2212.087095,s
2212.087263,2212.110589,s
2212.110757,2212.134083,s
2212.134251,2212.157577,s
2212.157745,2212.181071,s
2212.181238,2212.204565,s
2212.204732,2212.228058,s
2212.228226,2212.251552,s
2212.25172,2212.275046,s
2212.275214,2212.29854,s
2212.298708,2212.322034,s
2212.322202,2212.345528,s
2212.345696,2212.369022,s
2212.369189,2212.392516,s
2212.392683,2212.416009,s
2212.416177,2212.439503,s
2212.439671,2212.462997,s
2212.463165,2212.486491,nc
2212.486659,2212.509985,nc
2212.510153,2212.533479,nc
2212.533647,2212.556973,nc
2212.55714,2212.580467,nc
2212.580634,2212.60396,nc
2212.604128,2212.627454,nc
2212.627622,2212.650948,nc
2212.651116,2212.674442,nc
2212.67461,2212.697936,nc
2212.698104,2212.72143,nc
2212.721598,2212.744924,nc
2212.745091,2212.768418,nc
2212.768585,2212.791911,nc
2212.792079,2212.815405,nc
2212.815573,2212.838899,nc
2212.839067,2212.862393,nc
2212.862561,2212.885887,nc
2212.886055,2212.909381,nc
2212.909549,2212.932875,nc
2212.933042,2212.956369,nc
2212.956536,2212.979862,nc
2212.98003,2213.003188,nc
2213.003356,2213.026682,nc
2213.02685,2213.050176,nc
2213.050344,2213.07367,nc
2213.073838,2213.097164,nc
2213.097332,2213.120658,nc
2213.120826,2213.144152,nc
2213.14432,2213.167646,nc
2213.167813,2213.191139,nc
2213.191307,2213.214633,nc
2213.214801,2213.238127,nc
2213.238295,2213.261621,nc
2213.261789,2213.285115,nc
2213.285283,2213.308609,nc
2213.308777,2213.332103,nc
2213.332271,2213.355597,nc
2213.355764,2213.37909,nc
2213.379258,2213.402584,nc
2213.402752,2213.426078,nc
2213.426246,2213.449572,nc
2213.44974,2213.473066,nc
2213.473234,2213.49656,nc
2213.496728,2213.520054,nc
2213.520222,2213.543548,nc
2213.543715,2213.567041,nc
2213.567209,2213.590535,nc
2213.590703,2213.614029,nc
2213.614197,2213.637523,nc
2213.637691,2213.661017,nc
2213.661185,2213.684511,nc
2213.684679,2213.708005,nc
2213.708173,2213.731499,nc
2213.731666,2213.754992,nc
2213.75516,2213.778486,nc
2213.778654,2213.80198,nc
2213.802148,2213.825474,nc
2213.825642,2213.848968,nc
2213.849136,2213.872462,nc
2213.87263,2213.895956,nc
2213.896124,2213.91945,nc
2213.919617,2213.942943,nc
2213.943111,2213.966437,nc
2213.966605,2213.989931,nc
2213.990099,2214.013257,nc
2214.013425,2214.036751,nc
2214.036919,2214.060245,nc
2214.060413,2214.083739,nc
2214.083907,2214.107233,nc
2214.107401,2214.130727,nc
2214.130894,2214.154221,nc
2214.154388,2214.177714,nc
2214.177882,2214.201208,nc
2214.201376,2214.224702,nc
2214.22487,2214.248196,nc
2214.248364,2214.27169,nc
2214.271858,2214.295184,nc
2214.295352,2214.318678,nc
2214.318845,2214.342172,nc
2214.342339,2214.365665,nc
2214.365833,2214.389159,nc
2214.389327,2214.412653,nc
2214.412821,2214.436147,nc
2214.436315,2214.459641,nc
2214.459809,2214.483135,nc
2214.483303,2214.506629,nc
2214.506796,2214.530123,nc
2214.53029,2214.553616,os
2214.553784,2214.57711,os
2214.577278,2214.600604,os
2214.600772,2214.624098,os
2214.624266,2214.647592,os
2214.64776,2214.671086,os
2214.671254,2214.69458,os
2214.694747,2214.718074,os
2214.718241,2214.741567,os
2214.741735,2214.765061,os
2214.765229,2214.788555,os
2214.788723,2214.812049,os
2214.812217,2214.835543,os
2214.835711,2214.859037,os
2214.859205,2214.882531,os
2214.882698,2214.906025,os
2214.906192,2214.929518,os
2214.929686,2214.953012,os
2214.95318,2214.976506,os
2214.976674,2215,os
2215,2215.023326,os
2215.023494,2215.04682,os
2215.046988,2215.070314,sh
2215.070482,2215.093808,sh
2215.093975,2215.117302,sh
2215.117469,2215.140795,sh
2215.140963,2215.164289,sh
2215.164457,2215.187783,sh
2215.187951,2215.211277,sh
2215.211445,2215.234771,sh
2215.234939,2215.258265,sh
2215.258433,2215.281759,sh
2215.281926,2215.305253,sh
2215.30542,2215.328746,sh
2215.328914,2215.35224,sh
2215.352408,2215.375734,sh
2215.375902,2215.399228,sh
2215.399396,2215.422722,sh
2215.42289,2215.446216,sh
2215.446384,2215.46971,sh
2215.469877,2215.493204,sh
2215.493371,2215.516697,sh
2215.516865,2215.540191,sh
2215.540359,2215.563685,sh
2215.563853,2215.587179,sh
2215.587347,2215.610673,sh
2215.610841,2215.634167,sh
2215.634335,2215.657661,sh
2215.657828,2215.681155,sh
2215.681322,2215.704648,sh
2215.704816,2215.728142,sh
2215.72831,2215.751636,sh
2215.751804,2215.77513,sh
2215.775298,2215.798624,sh
2215.798792,2215.822118,sh
2215.822286,2215.845612,sh
2215.845779,2215.869106,sh
2215.869273,2215.892599,sh
2215.892767,2215.916093,sh
2215.916261,2215.939587,sh
2215.939755,2215.963081,sh
2215.963249,2215.986575,sh
2215.986743,2216.009901,sh
2216.010069,2216.033395,sh
2216.033563,2216.056889,sh
2216.057057,2216.080383,sh
2216.08055,2216.103876,sh
2216.104044,2216.12737,sh
2216.127538,2216.150864,sh
2216.151032,2216.174358,sh
2216.174526,2216.197852,sh
2216.19802,2216.221346,sh
2216.221514,2216.24484,sh
2216.245008,2216.268334,sh
2216.268501,2216.291827,sh
2216.291995,2216.315321,sh
2216.315489,2216.338815,sh
2216.338983,2216.362309,sh
2216.362477,2216.385803,sh
2216.385971,2216.409297,sh
2216.409465,2216.432791,sh
2216.432959,2216.456285,sh
2216.456452,2216.479778,sh
2216.479946,2216.503272,sh
2216.50344,2216.526766,sh
2216.526934,2216.55026,sh
2216.550428,2216.573754,sh
2216.573922,2216.597248,sh
2216.597416,2216.620742,sh
2216.62091,2216.644236,sh
2216.644403,2216.667729,sh
2216.667897,2216.691223,sh
2216.691391,2216.714717,sh
2216.714885,2216.738211,sh
2216.738379,2216.761705,sh
2216.761873,2216.785199,sh
2216.785367,2216.808693,sh
2216.808861,2216.832187,sh
2216.832354,2216.85568,sh
2216.855848,2216.879174,sh
2216.879342,2216.902668,sh
2216.902836,2216.926162,sh
2216.92633,2216.949656,sh
2216.949824,2216.97315,sh
2216.973318,2216.996644,sh
2216.996812,2217.01997,sh
2217.020138,2217.043464,sh
2217.043631,2217.066958,sh
2217.067125,2217.090451,sh
2217.090619,2217.113945,s
2217.114113,2217.137439,s
2217.137607,2217.160933,s
2217.161101,2217.184427,s
2217.184595,2217.207921,s
2217.208089,2217.231415,s
2217.231582,2217.254909,s
2217.255076,2217.278402,s
2217.27857,2217.301896,s
2217.302064,2217.32539,s
2217.325558,2217.348884,s
2217.349052,2217.372378,s
2217.372546,2217.395872,s
2217.39604,2217.419366,s
2217.419533,2217.44286,s
2217.443027,2217.466353,s
2217.466521,2217.489847,s
2217.490015,2217.513341,s
2217.513509,2217.536835,s
2217.537003,2217.560329,s
2217.560497,2217.583823,s
2217.583991,2217.607317,s
2217.607484,2217.630811,s
2217.630978,2217.654304,s
2217.654472,2217.677798,s
2217.677966,2217.701292,s
2217.70146,2217.724786,s
2217.724954,2217.74828,s
2217.748448,2217.771774,s
2217.771942,2217.795268,s
2217.795435,2217.818762,s
2217.818929,2217.842255,s
2217.842423,2217.865749,s
2217.865917,2217.889243,s
2217.889411,2217.912737,s
2217.912905,2217.936231,s
2217.936399,2217.959725,s
2217.959893,2217.983219,s
2217.983386,2218.006545,s
2218.006713,2218.030039,s
2218.030206,2218.053532,s
2218.0537,2218.077026,s
2218.077194,2218.10052,s
2218.100688,2218.124014,s
2218.124182,2218.147508,s
2218.147676,2218.171002,s
2218.17117,2218.194496,s
2218.194664,2218.21799,s
2218.218157,2218.241483,s
2218.241651,2218.264977,s
2218.265145,2218.288471,s
2218.288639,2218.311965,s
2218.312133,2218.335459,s
2218.335627,2218.358953,s
2218.359121,2218.382447,s
2218.382615,2218.405941,s
2218.406108,2218.429434,s
2218.429602,2218.452928,s
2218.453096,2218.476422,s
2218.47659,2218.499916,s
2218.500084,2218.52341,s
2218.523578,2218.546904,s
2218.547072,2218.570398,s
2218.570566,2218.593892,s
2218.594059,2218.617385,s
2218.617553,2218.640879,s
2218.641047,2218.664373,s
2218.664541,2218.687867,s
2218.688035,2218.711361,s
2218.711529,2218.734855,s
2218.735023,2218.758349,s
2218.758517,2218.781843,s
2218.78201,2218.805336,s
2218.805504,2218.82883,s
2218.828998,2218.852324,s
2218.852492,2218.875818,s
2218.875986,2218.899312,s
2218.89948,2218.922806,s
2218.922974,2218.9463,s
2218.946468,2218.969794,s
2218.969961,2218.993287,s
2218.993455,2219.016614,s
2219.016781,2219.040107,s
2219.040275,2219.063601,s
2219.063769,2219.087095,s
2219.087263,2219.110589,s
2219.110757,2219.134083,s
2219.134251,2219.157577,s
2219.157745,2219.181071,s
2219.181238,2219.204565,s
2219.204732,2219.228058,s
2219.228226,2219.251552,s
2219.25172,2219.275046,s
2219.275214,2219.29854,s
2219.298708,2219.322034,s
2219.322202,2219.345528,s
2219.345696,2219.369022,s
2219.369189,2219.392516,s
2219.392683,2219.416009,s
2219.416177,2219.439503,s
2219.439671,2219.462997,s
2219.463165,2219.486491,s
2219.486659,2219.509985,s
2219.510153,2219.533479,s
2219.533647,2219.556973,s
2219.55714,2219.580467,s
2219.580634,2219.60396,s
2219.604128,2219.627454,s
2219.627622,2219.650948,s
2219.651116,2219.674442,is
2219.67461,2219.697936,is
2219.698104,2219.72143,is
2219.721598,2219.744924,is
2219.745091,2219.768418,is
2219.768585,2219.791911,is
2219.792079,2219.815405,is
2219.815573,2219.838899,is
2219.839067,2219.862393,is
2219.862561,2219.885887,is
2219.886055,2219.909381,is
2219.909549,2219.932875,is
2219.933042,2219.956369,is
2219.956536,2219.979862,is
2219.98003,2220.003188,is
2220.003356,2220.026682,is
2220.02685,2220.050176,is
2220.050344,2220.07367,is
2220.073838,2220.097164,is
2220.097332,2220.120658,is
2220.120826,2220.144152,is
2220.14432,2220.167646,is
2220.167813,2220.191139,is
2220.191307,2220.214633,is
2220.214801,2220.238127,is
2220.238295,2220.261621,is
2220.261789,2220.285115,is
2220.285283,2220.308609,is
2220.308777,2220.332103,is
2220.332271,2220.355597,is
2220.355764,2220.37909,is
2220.379258,2220.402584,is
2220.402752,2220.426078,is
2220.426246,2220.449572,is
2220.44974,2220.473066,is
2220.473234,2220.49656,is
2220.496728,2220.520054,is
2220.520222,2220.543548,is
2220.543715,2220.567041,is
2220.567209,2220.590535,is
2220.590703,2220.614029,is
2220.614197,2220.637523,is
2220.637691,2220.661017,is
2220.661185,2220.684511,is
2220.684679,2220.708005,is
2220.708173,2220.731499,is
2220.731666,2220.754992,is
2220.75516,2220.778486,is
2220.778654,2220.80198,is
2220.802148,2220.825474,is
2220.825642,2220.848968,is
2220.849136,2220.872462,is
2220.87263,2220.895956,is
2220.896124,2220.91945,is
2220.919617,2220.942943,is
2220.943111,2220.966437,is
2220.966605,2220.989931,is
